{"100": [20.786273515630427, 21.301936531686117, 24.251041757330334, 18.84783705199212, 19.544372591617595, 20.54556270971326, 24.903062060718522, 21.344066310490437, 21.985796034546066, 24.955134742172866, 21.931443506656848, 18.741942128201263, 25.905163577942197, 24.637040203724354, 21.502125217960167, 21.505692448564645, 18.110839295845338, 22.468152674737986, 20.262271414061463, 23.197710016290696, 20.736742752900163, 19.13285489318322, 20.06246495324034, 16.934439089402584, 15.938632312716642, 23.14812807406446, 22.141269912389387, 21.692478215064494, 17.192706787084436, 24.170384771450877, 19.49463930259825, 19.81363868091194, 22.727378863387095, 24.668654199206635, 18.521572661253202, 20.992732258862677, 18.643688352485245, 19.172093434641216, 18.745889745566004, 20.298548505460566, 19.186142279142842, 23.53895707120337, 23.516564710634622, 21.84343913703465, 20.64386510968032, 22.740162708300442, 20.450916849862214, 21.707199266601904, 19.49929485904459, 21.248226170308143, 25.183988350353058, 20.67065149755307, 19.20611158517534, 21.754137537488486, 24.230198100716624, 18.633817823159852, 21.79011626097076, 26.100111749440394, 21.797151954631108, 20.798197037242407, 20.016774215640773, 19.656953816226814, 23.666292677367235, 20.123909430554807, 20.643865109679354, 21.703250250330807, 24.877433760866126, 17.80287898065781, 22.120965516554282, 22.30488860217662, 20.40139175924724, 23.070907778287722, 21.095500635414986, 23.96317487312449, 23.136172976530265, 19.363403339519, 17.81579355515717, 21.28661896729473, 23.973787769143694, 18.415970095149188, 21.690301211985698, 22.974859448244107, 20.183070781072978, 19.911394002206208, 20.829392960695614, 22.939225260578, 19.151392464603276, 24.736797825640096, 23.0440020268128, 18.15474614783265, 25.354207408895576, 20.333121583596434, 23.45601954597546, 24.290702218867068, 21.547969741949036, 23.457674650313244, 19.204665231830017, 17.291869476721732, 21.130290264608707, 19.14099004753855], "2700": [7.014449372546471, 4.956729432465759, 4.573747551699948, 3.1148836254373267, 3.843067351306802, 2.5695330315066345, 4.845358603858572, 2.9216148502738997, 8.869564062946166, 4.3820657229231035, 5.255711179280158, 2.5004999500129177, 2.086264604504578, 5.288588343470138, 2.3599081903057857, 7.226859622270326, 5.056596351961695, 3.4860436027136212, 6.0829680255621605, 3.228389691473201, 5.433921236088458, 3.1836823543383046, 7.5301062409495785, 2.1608254595562246, 5.742603938982393, 5.343453939166756, 3.4788647573617473, 6.176771001099244, 7.456708389093398, 5.997430005151225, 4.327528162820109, 6.07748577401191, 2.540177159176636, 4.003436024218835, 3.665492236159687, 2.910183270290428, 7.848726011268576, 5.028502096384762, 1.533786165020614, 6.126649437772725, 4.829855070291968, 4.960090724977082, 6.062384019507903, 2.4019089630251207, 5.47973539507275, 8.315196930922033, 3.1784430150615792, 4.676448082324267, 4.154816482109414, 2.8052034982643086, 5.8225853364279505, 2.7500000000003793, 4.527968639467339, 6.245198155384628, 5.95671889550001, 6.982299048306711, 7.131093885233778, 6.65601231970101, 3.4111337313765673, 2.6976841920429107, 2.9330018752131197, 3.788469347904064, 3.895831105169239, 3.706188518322959, 1.59765453086602, 4.987734956873917, 6.431368439143726, 5.246189093046921, 6.99184048254463, 8.542199170395648, 6.35629609127798, 10.173617842245175, 3.5146123541592242, 7.186271634164501, 5.448470733457414, 2.9415132160149753, 3.692672925312371, 3.65638710569385, 3.1689903754977418, 1.04999999999702, 1.3793114224154246, 7.92006944414101, 2.8727164844471864, 4.505829557362516, 5.2299617589432374, 3.65638710569385, 1.0012492197248906, 4.752104796826847, 0.049999999997019984, 2.04999999999702, 7.338426261807013, 3.6836349801076014, 4.393461050244058, 9.127020324288855, 6.916345374065904, 0.049999999997019984, 5.82401636902587, 5.628276823327382, 4.031438949062059, 7.8219243156663705], "300": [14.544447790770612, 19.37186533781928, 21.221274702523868, 15.226156223201672, 16.952949595866833, 20.759261654606306, 20.22906325067809, 11.921933568007082, 12.615565782000143, 18.10918275350811, 21.217268910016106, 14.68000340599313, 14.46279710152776, 19.647511858303943, 20.296724993321746, 18.52726754967172, 8.001718565408197, 18.285698939725215, 18.719526751981938, 21.4855712683479, 22.758707124965795, 18.74493264858457, 20.102508135387033, 16.84347054499118, 15.555000982177129, 16.81045474961559, 16.269296235546918, 15.695847949604785, 19.684321171936357, 15.392565459616385, 26.44931258773314, 10.794294127651645, 15.248852415836689, 23.038500385222562, 20.896431114745855, 12.846997981739557, 10.351449173908005, 10.437233030516463, 17.120236563784378, 16.967035032018753, 8.744120473616276, 17.827857414730357, 20.376895853279155, 9.710089254651896, 16.048052841386873, 19.304425226700715, 21.68394357793118, 19.775468810288558, 19.164663268155543, 16.790803179971256, 18.593076668481135, 17.881469303287496, 17.643508978965993, 12.657676947776165, 9.810552708406881, 20.56042488443706, 20.60610567062838, 13.970387638473923, 19.489548481173117, 15.900662609732299, 13.174105110197983, 14.258856896678074, 18.258285790292184, 18.244702427462457, 16.04272940202647, 16.587218975262108, 17.680770426006703, 17.86839173168291, 17.405862186673932, 10.016361614876203, 9.697780387512818, 15.376470119416243, 20.722994474736357, 18.90680316400205, 19.06405555713993, 13.455203454425112, 15.851472066234649, 15.601006021691427, 21.71312144434956, 9.586579160470949, 19.039498417763, 15.603984048369426, 20.451111327881467, 19.75151892893345, 19.559375416065894, 15.749858905892003, 4.854808612774795, 17.682767820049648, 18.123455599225036, 19.851046281280123, 17.532286543077557, 10.975085421079998, 19.73497318636652, 18.207843829598048, 17.22324011328703, 12.429903458998767, 24.507047091455497, 15.550292309441135, 19.494752041069788, 12.736588311559217], "8100": [3.788469347904064, 4.478001786514441, 3.982775414208033, 5.201201784205889, 2.0982135258370778, 5.2275711377297425, 1.7231270024778658, 4.926374596667433, 6.121206308130625, 0.049999999997019984, 1.8892238265150927, 5.842587896931018, 3.1468237955128124, 3.356957948302353, 4.478001786514441, 2.5004999500129177, 5.104164965988709, 2.5004999500129177, 3.8990383429786353, 4.3246387132357755, 1.3793114224154246, 2.898706608129839, 2.3599081903057857, 2.156965461010158, 4.5021291259458796, 4.95000000000298, 4.297576836622969, 5.550000000002837, 3.0717801570664105, 5.050000000002921, 4.407663780283051, 3.4860436027136212, 2.8900692033251802, 4.077683165721333, 4.167633221228116, 2.5004999500129177, 2.729926738944231, 2.5004999500129177, 0.049999999997019984, 2.95000000000298, 2.5004999500129177, 3.95000000000298, 2.0006249023741813, 5.850427334821875, 2.1297495940464417, 3.301893396220669, 4.5021291259458796, 4.068476373287268, 3.1468237955128124, 4.478001786514441, 3.8990383429786353, 2.3599081903057857, 4.272294465508505, 2.1914607000837645, 2.8900692033251802, 4.813436056151201, 3.9054449170375714, 4.6298848077837675, 3.7619808611980687, 3.1041638702450975, 5.482016052514487, 4.074616546378756, 3.4013477720856966, 2.95000000000298, 4.734888242257819, 2.3599081903057857, 4.509526952281459, 4.0252329125179305, 2.95000000000298, 3.697183612790449, 4.012792045448357, 4.764714052282422, 2.793295544694765, 0.049999999997019984, 5.390037105626131, 3.706188518322959, 4.370640685302733, 3.1148836254373267, 3.6541072781198753, 5.212405075077739, 3.881902454555274, 2.1140403654325737, 3.1468237955128124, 1.95000000000298, 3.3718194890421183, 2.793295544694765, 5.657075216047914, 4.741571469462289, 1.3793114224154246, 3.1784430150615792, 4.5021291259458796, 1.95000000000298, 3.233032632065857, 2.884874347351106, 5.291738844654893, 2.5004999500129177, 3.1666228067158726, 3.174507835871591, 2.510478042126975, 2.1914607000837645],