{"100": [61.20000557040973, 48.18892507620397, 43.605558386772465, 56.81510215896239, 52.34558243061205, 56.08763232656555, 54.10270325963389, 55.12027505575623, 50.71207753279595, 57.60641824551257, 58.397367235175935, 46.51137725638442, 49.91742347784656, 57.361270532850455, 52.20568562054435, 56.24194016330992, 55.24188046349307, 52.18318694752171, 53.60255228168815, 63.34092279087825, 54.629766509558586, 54.14576776320258, 51.1434235530559, 53.910740623232535, 51.429215108405714, 46.743154579039704, 51.09633059232336, 53.42909931719001, 56.798085355054006, 58.37379787008704, 56.63812360464058, 54.85397172753961, 49.64770611238974, 61.59539349659194, 49.17191317667582, 45.39865509698921, 62.09866285654973, 52.38523169749276, 50.214514833860534, 56.26937444116471, 56.15623295770471, 50.98167897303002, 54.45140800138536, 49.45786927611554, 53.12685290886333, 60.10434676460597, 49.8602964959763, 40.98310392945253, 56.47206325760932, 55.71652888424664, 48.31974234202828, 53.87017573141314, 52.92634032313211, 48.446078272652784, 59.90135641202126, 51.46695541801555, 46.042866732242864, 62.88217517345798, 34.16866254333055, 58.60175216785636, 45.13498581416022, 48.93375624249583, 57.01708077409787, 43.96558313044421, 61.05720678183698, 59.99480848752287, 47.79191296071381, 48.97991007453047, 56.52768916961973, 53.18319753455973, 45.848909474490235, 52.063726248791404, 54.38310859081154, 54.10970338118663, 57.80228644423868, 47.589801078242246, 43.24992292864039, 48.924559272414506, 62.446797355829226, 46.82679966287112, 57.98500635111168, 49.74008791863808, 52.829627661223675, 51.887113043606504, 51.06341645444418, 42.24141079218692, 52.70370796569567, 63.11378433216688, 57.797339904185904, 57.01842747242835, 58.82988894544451, 61.51757878850565, 56.44967101004981, 49.9023797027757, 51.271600769378615, 56.067825634926955, 57.17011894337811, 58.662863814419175, 50.52999934032588, 57.612332302496945], "2700": [50.118285086383395, 46.78570828789493, 50.26974736359832, 49.95045044841939, 47.92142005408437, 41.56678361384244, 54.200761064767356, 50.4368169098725, 51.33458061255266, 49.60743391871828, 47.772403121467526, 43.7251548501165, 47.772403121467526, 50.4368169098725, 41.53880715668181, 49.4509605568992, 51.94987167132049, 58.00829682036873, 50.93326516138544, 48.92609222081813, 43.22178270270675, 47.509393807961814, 43.7251548501165, 42.17757105381959, 41.04293483658302, 50.44672932906553, 50.54970326322401, 41.12569148354834, 41.1539487777297, 41.335789577556156, 46.82117576481821, 47.116265768840385, 45.801264538583794, 40.74705510831427, 47.07252383291128, 50.28292453706328, 51.98082178393617, 41.5788107093024, 45.421424827203886, 51.4475218062056, 50.4368169098725, 49.95045044841939, 48.90033230970931, 48.06581425503993, 44.23033461324931, 41.141797481393546, 43.46020210107941, 55.41590475666711, 48.21807233807673, 44.23033461324931, 41.60285446937505, 38.59666436364677, 41.53880715668181, 49.95045044841939, 47.215278247618116, 44.64234723518317, 47.52054818707377, 48.06581425503993, 48.90994275195996, 50.88915241319444, 46.04442601082857, 54.56961150677179, 44.498192847200734, 47.92142005408437, 49.442618255913594, 48.099090427990426, 49.96045936538214, 48.62142017670813, 40.31559871811406, 49.776726489394626, 51.2691183852424, 41.78663063708296, 42.720282068357186, 41.95977240167063, 50.4368169098725, 49.95045044841939, 44.64234723518317, 48.94986380641591, 49.60743391871828, 47.366047966871804, 43.2013406427779, 51.27716353309727, 41.53880715668181, 48.06581425503993, 48.64609439615888, 50.440782111303555, 47.215278247618116, 48.62964630757662, 48.074135457645, 47.63971557429789, 43.9684261715154, 42.44905770450035, 39.91268595321543, 42.43609901958473, 48.460525172556686, 47.7918664628198, 44.498192847200734, 40.724654694668686, 41.35785898713811, 50.4368169098725], "300": [53.166460292180446, 52.255932677543896, 52.21597661909345, 54.10165585882439, 54.41696273528442, 51.92805118623267, 61.40176175122214, 54.2597687057363, 45.83582114460261, 46.534315295274304, 44.69365167448281, 52.838330468199565, 40.354646572606725, 47.800688628233516, 39.66418409598261, 56.38115820023566, 55.25947882490388, 48.90626238019013, 43.68778433383868, 59.87016607388262, 54.107200691466815, 64.09559050529313, 47.68898370343686, 49.489187130696976, 53.898393164493186, 50.6121032955557, 45.87616483534778, 39.11111917162616, 49.85526551930097, 48.6034720981948, 55.408054468642014, 50.21266163916118, 43.710922230287274, 48.09225880682729, 44.67574845483845, 52.5384541708896, 44.946662834964734, 56.821408817451896, 55.959561292061615, 47.929766325322305, 45.276069838271084, 46.55972738629077, 51.52496967490617, 57.473046477706156, 49.28947656447571, 38.896304451708524, 54.304391576045155, 56.17858676676649, 45.67664428713359, 45.486234181343264, 47.34034446733266, 40.88629558503272, 50.43521972678308, 42.724461879082135, 51.86542682751199, 54.15720173716512, 48.41348321638154, 47.85835872655894, 66.00796218206234, 42.01336097005333, 49.81471502812531, 54.01054680955069, 45.93778012548215, 48.74374318822879, 49.66649737537832, 52.47891753565698, 53.54010179295516, 52.99049443060519, 47.54780676930776, 42.97560354433664, 47.778054585761446, 48.27193431857836, 45.673907576791954, 46.00720052339634, 42.97074586273783, 49.006453656635884, 47.502868334449026, 48.79279440362363, 52.50026719508726, 55.79796143229607, 45.55852985838264, 57.41399606754824, 50.864059020097876, 57.069716137370094, 54.18476877007659, 48.01533609171137, 48.621343050146194, 56.96497357399294, 60.68148399635592, 56.495078799585976, 51.919866140043155, 45.523396653337976, 54.21156637260566, 63.415869464984866, 51.02986870451461, 44.64584047174576, 44.27653316248788, 47.077126434536474, 49.465703606977364, 48.89207502244101], "8100": [50.4368169098725, 48.91525835565013, 48.05478644214331, 47.49676304760147, 44.23033461324931, 51.955164966215506, 47.772403121467526, 47.49676304760147, 50.77103012545639, 48.34648384319175, 47.780775422757635, 50.11035322166469, 47.366047966871804, 54.56961150677179, 48.5541192897163, 51.60109010476427, 48.34648384319175, 43.9684261715154, 43.46020210107941, 50.956084033214324, 47.772403121467526, 50.77103012545639, 50.77103012545639, 50.608275015060535, 51.60109010476427, 50.4368169098725, 46.07084218895939, 46.81263184227095, 48.62697296768533, 44.23033461324931, 47.772403121467526, 50.28292453706328, 50.4368169098725, 50.28292453706328, 49.776726489394626, 51.19706209018899, 47.772403121467526, 51.94987167132049, 50.77103012545639, 47.780775422757635, 43.9684261715154, 47.772403121467526, 50.28292453706328, 47.215278247618116, 47.944994524976224, 41.752814276405374, 47.64664206426304, 47.366047966871804, 54.56961150677179, 48.62142017670813, 48.05478644214331, 50.94136335042477, 50.784077228989794, 54.31871224541319, 41.53880715668181, 50.4368169098725, 48.64753333931743, 47.92142005408437, 47.49676304760147, 50.608275015060535, 47.64664206426304, 40.74705510831427, 47.64664206426304, 40.74705510831427, 50.28292453706328, 50.44672932906553, 40.74705510831427, 50.11035322166469, 47.772403121467526, 41.93801974342613, 41.141797481393546, 46.925073255137285, 47.49676304760147, 46.17202435819046, 47.5121300301302, 51.10794947950857, 50.28292453706328, 51.27716353309727, 50.4368169098725, 50.44672932906553, 50.11035322166469, 54.694081032594376, 48.339657632217474, 47.772403121467526, 50.94136335042477, 47.929766325322305, 51.10794947950857, 50.26974736359832, 51.10794947950857, 41.95977240167063, 50.4368169098725, 43.22178270270675, 47.66615675717941, 41.93801974342613, 50.608275015060535, 47.215278247618116, 48.62964630757662, 50.608275015060535, 48.06581425503993, 47.7696818076068],