{"100": [24.666717342289207, 23.47344244034053, 26.67735832814773, 23.869807653001786, 22.443317490958815, 26.947649866608305, 21.68034824443489, 25.966757595048357, 23.74565952240152, 22.76357348435786, 24.27627442586619, 23.631878001858983, 25.096961967536423, 21.47047850813734, 26.292072726113723, 25.170416532529767, 21.459671479312252, 24.80025201484765, 21.39886891658235, 22.79632645844504, 22.30491350950746, 27.26678382207813, 24.585547922847113, 26.993193586531444, 24.6415860519949, 25.638599691044355, 24.774487427043255, 25.096862353687936, 23.549469208455214, 22.40987505542925, 22.00479937768418, 25.088210168795978, 26.052791684297983, 24.22217189087486, 25.37160399883452, 22.781333733269776, 23.29789633602451, 24.4002682000686, 23.384258650458754, 22.629914412471788, 23.097157627642634, 24.276632405512146, 26.160081582844537, 24.064133061466674, 23.01028222850101, 24.960143228755335, 25.019642283612875, 25.464975947366558, 27.36425588244548, 23.810974360574882, 23.43557188147352, 23.417531058365856, 22.44045294933664, 23.45537622620934, 24.38717037598463, 22.737444642898406, 23.300745100151055, 22.756288226468474, 22.674773585260837, 23.410521139008566, 24.34432685452476, 21.329671374691795, 23.326862197903335, 24.716679888403508, 23.304157354427804, 24.22508356875179, 22.15394404710109, 24.886428393439246, 23.765473656024714, 24.92941702754529, 23.366900175451175, 23.706357562664408, 25.769777790435306, 22.86303325181594, 25.28816697368237, 25.84961314990927, 25.675402811325224, 24.686079073032353, 24.220621379311655, 22.967651737079507, 23.031235184367073, 25.185610971345795, 24.115704548743928, 22.999510864363234, 21.453418531009174, 24.18762883973699, 31.4886997871569, 22.81221683313728, 24.5150609684271, 23.57446587255887, 26.705936520829074, 26.534066154033866, 24.29332537744997, 22.669270683754327, 23.783216537904078, 22.651471622537674, 25.14916057799377, 23.883333333332814, 25.814869745941834, 22.779919276024813], "2700": [14.530055058394263, 20.55378445823255, 17.573725653181324, 21.96081738005006, 20.1590727536172, 17.38433202628058, 28.036806166178504, 19.636763990024786, 19.754387698262033, 20.76738592557417, 19.985682375139447, 21.759277018402177, 20.30769558566264, 7.960056532461951, 17.853361028108058, 21.49261501074093, 18.184677616057296, 29.671858159989114, 22.201407613030085, 19.716553958537475, 24.29922838280906, 17.87766297180037, 17.424192951180135, 19.47348930505834, 24.30334339139302, 26.29791394346055, 22.42353674155638, 26.503506057373386, 20.119393629031926, 20.821923542264468, 16.805331495290766, 9.260264575056395, 15.81462930327341, 18.89921368146764, 20.09577069932695, 23.626779768350065, 21.327377838226447, 17.816916119237295, 22.39387937212475, 21.904965190565946, 19.572493453822773, 15.715915499898921, 24.294340904825763, 21.64312182246661, 19.260127206224084, 4.045882680783562, 28.752627899219505, 17.7328085761941, 18.924183528548376, 12.537045106403236, 4.34079485808732, 13.332177033193531, 17.563290314363424, 17.15058308046568, 16.623853343913648, 18.777712853271936, 8.209141246197062, 20.407984548535275, 19.282180893247844, 20.641442940516125, 21.455127592254236, 18.185914879377297, 19.675767668207143, 21.152228859252865, 25.318356318421543, 19.73835099495229, 18.884804296928486, 7.016825018006301, 17.322384362435752, 22.748053291904608, 10.58548534550811, 28.331651910890475, 19.08874741248629, 17.135927170711813, 22.54904971073165, 6.507111494356875, 15.519826029951359, 22.433289995003303, 20.6914434811418, 17.850490189346043, 17.803627907441093, 24.17930651686006, 23.893756316431823, 22.238161644642783, 18.034560076220554, 18.53220170405928, 22.466538610626284, 19.81167585036857, 18.233084136887122, 21.999299231261787, 25.114359864994928, 20.706167128244147, 22.058312869904466, 14.031126113037603, 17.213439516841543, 19.75828939964033, 20.553649311008694, 4.687127762996064, 24.665816426785604, 20.263681445241463], "300": [22.699284129680603, 22.979528933378294, 20.699899355632006, 26.744018022727506, 23.436978766132974, 27.243285735150298, 23.14375227206468, 25.655652398642705, 24.798739887339874, 24.819901289084807, 23.525039851187014, 21.41923784825138, 22.78782808201836, 25.575427660157494, 23.97569767383892, 22.910750751555746, 23.467051369950685, 23.85730330638017, 22.30238215975947, 23.563714771786252, 23.977958628706233, 21.8891240117081, 22.69421732512373, 22.31958867142158, 24.485250662387216, 25.17135166105293, 24.5562364787432, 24.20450486077962, 22.11708972479585, 20.913372914635858, 20.597087172703166, 24.390751320940574, 20.54704532112883, 24.912020191063586, 22.241908641121213, 24.246838281858366, 21.02410583867334, 24.43227032703423, 23.232084984502993, 22.629976432450714, 25.24445483665554, 25.634254426449402, 24.072511986356442, 22.26900047943067, 24.495876276331888, 23.0127510421133, 24.594296555846174, 22.876777405141745, 24.7936191918715, 21.973417381657164, 24.55871083297588, 20.686264709197975, 22.792012489758093, 26.328382973513023, 23.743823758329672, 23.506267361345426, 19.843294740385137, 22.99067745848205, 22.683425537550637, 20.332680212291695, 24.159245987128305, 23.408385249734327, 24.42954154297457, 23.28478197081745, 26.807811361615563, 24.844231389464625, 25.102566873455523, 23.6257574067671, 20.55389257537191, 26.516739995708612, 28.114582919317645, 23.00372252484255, 25.218891728225813, 25.457101925818762, 22.01502494955096, 23.956401371378806, 23.541505899154004, 18.246880660707006, 24.66378924658434, 25.854810964304992, 24.22928095415763, 23.56984925954315, 25.355083864537928, 23.91803712682079, 22.514371953141268, 21.93822767074131, 23.021897470839793, 24.758021788041766, 22.66929519072882, 27.614534216603303, 23.908863419241012, 24.149829496413815, 22.187493164869828, 22.118636462208624, 25.71311736763633, 23.04091469538359, 23.68309875558149, 24.637547564640307, 24.768388890584877, 22.036523826431512], "8100": [1.533786165020614, 11.17597870434513, 5.196392979752356, 16.74522319946724, 4.696008943776249, 4.034538387473616, 6.291462469093559, 3.5003571246395135, 1.808083700128493, 5.179527005434476, 19.11886689708683, 3.4860436027136212, 16.28401568000463, 20.358720490245126, 22.724491193422487, 24.58988613230856, 17.37016119671803, 19.694605860487094, 1.0012492197248906, 19.54808174732108, 2.5792440753039956, 6.151083915321193, 22.60978770355724, 17.328661229303297, 19.812937692324606, 2.6961392150017667, 3.5302266216219103, 6.469350817511633, 1.2789970028639714, 14.263093399866216, 3.8278584090834347, 3.4860436027136212, 18.15991464737588, 22.552217185898247, 27.622499886865427, 3.4860436027136212, 3.00041663773545, 19.614471698211545, 17.738728815784643, 19.809151925308313, 4.12340878400621, 4.865953144041172, 5.921922548179984, 1.3793114224154246, 4.530728418258273, 27.612542439983383, 22.637781840688344, 9.260264575056395, 15.32373276046817, 3.0717801570664105, 18.323550420154795, 3.80821480486458, 6.14023615181091, 17.120820657899458, 0.95000000000298, 2.14534379529335, 15.194653665021866, 22.614210134336247, 3.697183612790449, 5.709859893204346, 24.13053045417592, 4.478001786514441, 16.813263613389346, 20.243579228978557, 20.15446600632123, 16.55785312170531, 2.2141589825497316, 4.278142120124321, 22.034121266797325, 21.397877620609826, 5.976830263609011, 15.585787940115441, 3.6664015055649917, 31.483368625352796, 6.565249424052642, 4.4161634933522995, 3.6403983298554845, 19.944986838801174, 19.918019479856465, 18.071224824748672, 27.350091407523557, 22.78967236856653, 22.58028269678205, 16.51320178927461, 27.620689708982404, 3.715171597653549, 19.986307813099025, 3.706188518322959, 2.0902551678358274, 19.156936453558114, 25.761938979818368, 17.627322542007246, 5.010239515235129, 2.627260931085008, 17.832063817740366, 4.871943486263867, 19.774415288446672, 5.0697633080862445, 4.709299310938324, 5.006246098627191],