{"100": [26.176372934383373, 20.186195778302242, 22.114966216775585, 16.868279806676053, 16.365181534790185, 21.044654903322428, 17.741157060522372, 15.101683129151033, 18.294666099501708, 21.76115701302146, 21.244951271899772, 13.22459829257468, 21.96068602683317, 18.350198165884155, 19.858100781962797, 17.126872823936075, 19.86759295938799, 16.572643120515234, 16.14793588460457, 20.720621773166492, 25.986198259843622, 20.30845314716908, 23.62337906527051, 18.989009979458256, 19.266216945330854, 21.203832200806872, 27.200965056407778, 22.079110384808505, 21.04265689238993, 24.056236197707374, 20.418394484711666, 21.12415140845136, 20.056137560510283, 15.214011185864088, 19.013569715686497, 21.081979708296284, 16.20450040369336, 22.784259917758238, 22.559532353309585, 17.631991248426143, 20.525654678960105, 11.832734726643016, 21.06041218823638, 18.974745361622098, 20.865102444031617, 18.635457541411064, 21.89576950513844, 23.660308373045503, 19.945565344782786, 20.22522293714162, 23.662787240726416, 22.526336438338742, 18.96198949093925, 19.315676460916517, 18.977496071473183, 23.05295780667346, 21.65788628794376, 19.19837232683882, 18.10381049794226, 12.787591641899139, 23.33857679179751, 16.326946030001842, 22.12244335510717, 20.257981965962223, 25.21016660000301, 21.990509316520278, 20.423652389399376, 21.199659830360833, 12.316756878332784, 20.823560738214457, 21.430177320776682, 21.354047792932878, 21.38619102754341, 18.265420250381055, 19.9281835599723, 21.413672201255743, 18.846575526891968, 18.43225310550545, 21.44233962447541, 22.388209212991825, 20.76902742065536, 20.667388841806332, 20.325169125986125, 15.859072870369337, 18.379404234086813, 21.66639102388638, 19.75081789932443, 22.18946822255775, 20.287989057567536, 19.159658138910746, 20.715996234791927, 16.69138999604128, 14.04110038422776, 17.613902430282174, 23.341807984813062, 17.222441754872314, 19.50369623088501, 20.210112662874973, 16.216426856739545, 19.322008177204108], "2700": [21.310071953575616, 18.615249125379403, 19.241080184506373, 21.266359715651394, 26.059869257429213, 20.950340945058553, 27.510952364464952, 18.560105064355824, 21.94631999990835, 16.37811039161532, 14.641806582520521, 17.302838330332975, 7.078311945652994, 20.771950523996274, 17.804053419987547, 18.82591299246661, 22.90014815921906, 20.37351903274706, 20.523218558499252, 17.042373660964184, 16.763129182821295, 13.287305972240466, 9.245404263738633, 19.3550811588735, 16.33715091440139, 21.641068211463907, 6.952877102320127, 10.014115038282673, 10.183442443495315, 16.098879730322622, 22.248651644535684, 8.242724064286486, 17.29891615101724, 2.9584624384948346, 15.397205219499185, 11.492342170827557, 19.29151367829696, 10.576034228383957, 24.362317213267815, 25.412972409117515, 16.496135911173898, 17.166069106564926, 19.647455305965583, 16.890899916816814, 21.70950252769331, 19.691573211794864, 22.00168013064753, 20.99461665692735, 17.38493121451044, 21.710489564787796, 14.167959324777023, 25.588864765752316, 15.595752626915496, 8.063446326892448, 21.870509062812374, 21.31241813278408, 2.96690073982797, 20.84352417418665, 9.129759032962967, 19.201255539303205, 22.060039826409177, 6.5614403906434235, 22.56152698732741, 24.35082134138179, 21.21797586952931, 16.557249167659332, 23.658032462567263, 2.04999999999702, 23.334339264029023, 12.574449718147811, 20.705534686807148, 19.89520461484596, 21.898052932216398, 22.994347131413264, 2.978114616104365, 15.481969800023112, 21.567626202248835, 22.008388552244913, 22.83017270443265, 19.18562519923812, 22.02504256522344, 17.26481765242444, 15.440288209743564, 21.84816925968645, 21.43639817382076, 19.30226670626848, 7.464527223249547, 17.089177862025583, 18.732391731968352, 17.644981075161116, 20.49579225109195, 25.17742043974868, 6.3069406212519725, 15.44919091732459, 8.50896585960983, 13.759243646155053, 19.19344196035845, 18.50006756744189, 17.518062107434922, 8.205028945711813], "300": [15.50952472330495, 17.55640908614121, 18.34945503277844, 3.9182266396915804, 10.753128508824268, 15.582834216604699, 31.08433421087188, 19.490125705082715, 18.883921732520285, 17.864062310185076, 8.104474073005527, 21.525518682377548, 21.41288375976055, 17.77927163862328, 20.490058565068903, 18.22672793210743, 19.406248993556943, 20.604914462329578, 15.340659481695466, 19.888753103197658, 20.500615290099383, 17.799749195663452, 17.61303967708651, 21.16039933460441, 14.964856980419638, 17.9618345388196, 22.954114857445408, 23.735867140022208, 14.57540736994893, 17.58857741704866, 15.764596410944643, 24.19343919329985, 16.735516125890786, 18.19386670595936, 20.211994513707886, 16.15286352322608, 18.438614373101395, 20.792228974169262, 18.114634967338958, 18.337293861249204, 15.436329802700115, 14.343826447040591, 19.595471415609403, 15.48588066594682, 21.097113885212647, 15.43473587168049, 18.38049237642827, 20.531987239424893, 29.994763431858953, 22.641094643735315, 16.600849806129265, 20.306874862139786, 20.284702774913715, 18.5588542595851, 18.46685469218227, 20.48999755978371, 14.465274510586626, 21.609083738092956, 20.629226839606204, 19.44000028577837, 16.19840159662982, 18.68501465686383, 24.991048397374556, 19.587596293862966, 16.869573201476587, 17.97474308269311, 23.473868449829553, 20.99226589181488, 14.706376168178496, 9.96882641036433, 17.759574882298725, 20.85671354743935, 16.04844229200928, 21.420648138340525, 17.091842247941585, 8.444080767021465, 16.300894658473002, 16.22395715336547, 16.81673273855355, 17.75711125155057, 20.619832686031298, 15.071394907056506, 21.79936925692828, 19.94641929913903, 25.397227538976693, 17.31567209206643, 16.711597769213107, 23.043491488919603, 13.776519879852476, 13.958957697477521, 16.763626298227823, 8.829475797414963, 16.485422853740634, 12.62999547562323, 17.405051948594906, 18.777712853271865, 9.297684897030585, 19.165849126172986, 21.898401768163712, 17.996365373780748], "8100": [20.187516769856604, 24.172694650505104, 21.771598471401532, 11.108105148944125, 10.953913195095591, 10.361587716173922, 11.703382701881035, 19.447750512589366, 20.945908226393172, 13.370770359255244, 9.352495210726302, 17.64848907602627, 14.996193961578067, 12.906352256598735, 22.846936337283683, 21.177877608483584, 13.556456026556258, 9.283760783523798, 7.3567995759036675, 20.980208928096424, 15.59655410659531, 21.805102613836436, 15.955328263623148, 22.19239734683728, 24.425959551262014, 20.039710576750167, 16.30549498379595, 17.882090668225583, 19.583503545358287, 8.317601817829772, 14.137509210132981, 18.993297690047893, 18.86372179608023, 25.747863989074578, 21.817863476211322, 12.17912441140754, 18.770484048860943, 24.828893019450273, 16.92756627515993, 10.407535045064689, 25.532381400877718, 19.90088835059324, 15.755237224489564, 18.590387300966093, 14.49376302644081, 21.119447706521218, 14.195157625047207, 16.537533068748893, 24.322194939325545, 2.1608254595562246, 14.914841601570668, 21.73482229050664, 12.876431959201742, 15.99695283483533, 9.645076464183864, 7.218206148342118, 19.95300729213321, 20.96630232857593, 20.001729091920602, 18.787695441429523, 9.846728165006121, 21.855425936299227, 24.717655633170192, 18.257121898040804, 3.903310560706018, 17.1887317740409, 16.819281027607698, 15.231628278025521, 15.55160763393769, 19.452998911905382, 11.59320921919147, 22.26362878478185, 7.681308482281512, 28.141269897227165, 11.512058894913348, 19.154699162344635, 17.517817460271267, 14.015259540941244, 24.76777139752162, 21.00434478863584, 16.834562661380193, 20.754336896174735, 18.50952457519977, 21.101007084970963, 24.240513608417512, 22.62277613379712, 4.965128397130407, 10.91035440915149, 21.783078294857923, 14.380132624063613, 19.501346107382492, 21.330006250973508, 8.927625664193027, 10.167472645646138, 21.89754552455362, 19.34592980448166, 23.318143865523037, 17.501023779574915, 17.18727727128169, 14.434767057349092],